Designator,Mid X,Mid Y,Rotation,Layer
J3,60.629,-140.96,180.0,top
R3,64.6365,-98.044,0.0,top
D2,61.785,-106.934,90.0,top
D3,61.817,-100.584,-90.0,top
D1,61.785,-104.394,-90.0,top
J1,54.113,-105.41,-90.0,top
D5,68.1925,-98.044,0.0,top
R1,57.903,-98.806,0.0,top
D4,66.643,-101.092,180.0,top
C1,71.31,-99.568,90.0,top
R2,57.912,-112.014,0.0,top
J2,70.982,-129.535,-90.0,bottom
